Agent ID,0
Number of waypoints,2
Point-0,0,0.03,0,-0.05
Point-1,2.75,-0.017,-0.002,-0.044
Agent ID,1
Number of waypoints,2
Point-0,0,0.00927051,0.0285317,-0.05
Point-1,5.84011,-0.04,0.005,-0.006
Agent ID,2
Number of waypoints,2
Point-0,0,-0.0242705,0.0176336,-0.05
Point-1,4.36816,-0.052,0.012,0.004
Agent ID,3
Number of waypoints,2
Point-0,0,-0.0242705,-0.0176336,-0.05
Point-1,1.4548,-0.04,-0.021,-0.04
Agent ID,4
Number of waypoints,2
Point-0,0,0.00927051,-0.0285317,-0.05
Point-1,2.09011,-0.02,-0.018,-0.052
